"first_name","last_name"
"MARY","SMITH"
"JENNIFER","DAVIS"
"MARIA","MILLER"
"CAROL","GARCIA"
"RUTH","MARTINEZ"
"SARAH","LEWIS"
"DEBORAH","WALKER"
"VIRGINIA","GREEN"
"PAMELA","BAKER"
"AMANDA","CARTER"
"CHRISTINE","ROBERTS"
"MARIE","TURNER"
"ANN","EVANS"
"JOYCE","EDWARDS"
"ALICE","STEWART"
"HEATHER","MORRIS"
"GLORIA","COOK"
"BEVERLY","BROOKS"
"JACQUELINE","LONG"
"BONNIE","HUGHES"
"PHYLLIS","FOSTER"
"NORMA","GONZALES"
"ROBIN","HAYES"
"TRACY","COLE"
"SHERRY","MARSHALL"
"SYLVIA","ORTIZ"
"ELLEN","SIMPSON"
"MONICA","HICKS"
"JUANITA","MASON"
"APRIL","BURNS"
"YVONNE","WATKINS"
"ROBERTA","HARPER"
"ALMA","AUSTIN"
"SUE","PETERS"
"GERTRUDE","CASTILLO"
"LUCY","WHEELER"
"DELORES","HANSEN"
"COLLEEN","BURTON"
"JOY","GEORGE"
"CONSTANCE","REID"
"TANYA","GILBERT"
"MINNIE","ROMERO"
"GLENDA","FRAZIER"
"COURTNEY","DAY"
"MARIAN","MENDOZA"
"JO","FOWLER"
"MABEL","HOLLAND"
"MARSHA","DOUGLAS"
"DEANNA","BYRD"
"HILDA","HOPKINS"
"JENNIE","TERRY"
"NORA","HERRERA"
"MARGIE","WADE"
"CASSANDRA","WALTERS"
"KAY","CALDWELL"
"PRISCILLA","LOWE"
"JENNY","CASTRO"
"VELMA","LUCAS"
"BOBBIE","CRAIG"
"TONI","HOLT"
"ROBERT","BAUGHMAN"
"MICHAEL","SILVERMAN"
"DAVID","ROYAL"
"RICHARD","MCCRARY"
"DANIEL","CABRAL"
"GEORGE","LINTON"
"STEVEN","CURLEY"
"EDWARD","BAUGH"
"RONALD","WEINER"
"MATTHEW","MAHAN"
"TIMOTHY","BUNN"
"ERIC","ROBERT"
"RAYMOND","MCWHORTER"
"DOUGLAS","GRAF"
"ARTHUR","SIMPKINS"
"JUAN","FRALEY"
"BRUCE","SCHWARZ"
"HARRY","ARCE"
"FRED","WHEAT"
"BILLY","POULIN"
"MARTIN","BALES"
"ERNEST","STEPP"
"CRAIG","MORRELL"
"CLARENCE","GAMEZ"
"DANNY","ISOM"
"BRYAN","HARDISON"
"LEONARD","SCHOFIELD"
"MANUEL","MURRELL"
"MARVIN","YEE"
"VINCENT","RALSTON"
"CHAD","CARBONE"
"JESUS","MCCARTNEY"
"RAY","HOULE"
"TROY","QUIGLEY"
"BARRY","LOVELACE"
"ALEXANDER","FENNELL"
"THEODORE","CULP"
"JIM","REA"
"JON","WILES"
"RONNIE","RICKETTS"
"TIM","CARY"
"GORDON","ALLARD"
"ZACHARY","HITE"
"ROBERTO","VU"
"LESTER","KRAUS"
"GENE","SANBORN"
"MARC","OUTLAW"
"REGINALD","KINDER"
"ANGEL","BARCLAY"
"NATHANIEL","ADAM"
"LESLIE","SEWARD"
"EDGAR","RHOADS"
"RAUL","FORTIER"
"BEN","EASTER"
"CHESTER","BENNER"
"HARVEY","GUAJARDO"
"JARED","ELY"
"NEIL","RENNER"
"JAVIER","ELROD"
"JORDAN","ARCHULETA"
"DAVE","GARDINER"
"ISAAC","OGLESBY"
"KIRK","STCLAIR"
"FREDDIE","DUGGAN"
