"first_name","email"
"MARY","MARY.SMITH@sakilacustomer.org"
"PATRICIA","PATRICIA.JOHNSON@sakilacustomer.org"
"LINDA","LINDA.WILLIAMS@sakilacustomer.org"
"BARBARA","BARBARA.JONES@sakilacustomer.org"
"ELIZABETH","ELIZABETH.BROWN@sakilacustomer.org"
"JENNIFER","JENNIFER.DAVIS@sakilacustomer.org"
"MARIA","MARIA.MILLER@sakilacustomer.org"
"SUSAN","SUSAN.WILSON@sakilacustomer.org"
"MARGARET","MARGARET.MOORE@sakilacustomer.org"
"DOROTHY","DOROTHY.TAYLOR@sakilacustomer.org"
"LISA","LISA.ANDERSON@sakilacustomer.org"
"NANCY","NANCY.THOMAS@sakilacustomer.org"
"KAREN","KAREN.JACKSON@sakilacustomer.org"
"BETTY","BETTY.WHITE@sakilacustomer.org"
"HELEN","HELEN.HARRIS@sakilacustomer.org"
"SANDRA","SANDRA.MARTIN@sakilacustomer.org"
"DONNA","DONNA.THOMPSON@sakilacustomer.org"
"CAROL","CAROL.GARCIA@sakilacustomer.org"
"RUTH","RUTH.MARTINEZ@sakilacustomer.org"
"SHARON","SHARON.ROBINSON@sakilacustomer.org"
"MICHELLE","MICHELLE.CLARK@sakilacustomer.org"
"LAURA","LAURA.RODRIGUEZ@sakilacustomer.org"
"SARAH","SARAH.LEWIS@sakilacustomer.org"
"KIMBERLY","KIMBERLY.LEE@sakilacustomer.org"
"DEBORAH","DEBORAH.WALKER@sakilacustomer.org"
"JESSICA","JESSICA.HALL@sakilacustomer.org"
"SHIRLEY","SHIRLEY.ALLEN@sakilacustomer.org"
"CYNTHIA","CYNTHIA.YOUNG@sakilacustomer.org"
"ANGELA","ANGELA.HERNANDEZ@sakilacustomer.org"
"MELISSA","MELISSA.KING@sakilacustomer.org"
"BRENDA","BRENDA.WRIGHT@sakilacustomer.org"
"AMY","AMY.LOPEZ@sakilacustomer.org"
"ANNA","ANNA.HILL@sakilacustomer.org"
"REBECCA","REBECCA.SCOTT@sakilacustomer.org"
"VIRGINIA","VIRGINIA.GREEN@sakilacustomer.org"
"KATHLEEN","KATHLEEN.ADAMS@sakilacustomer.org"
"PAMELA","PAMELA.BAKER@sakilacustomer.org"
"MARTHA","MARTHA.GONZALEZ@sakilacustomer.org"
"DEBRA","DEBRA.NELSON@sakilacustomer.org"
"AMANDA","AMANDA.CARTER@sakilacustomer.org"
"STEPHANIE","STEPHANIE.MITCHELL@sakilacustomer.org"
"CAROLYN","CAROLYN.PEREZ@sakilacustomer.org"
"CHRISTINE","CHRISTINE.ROBERTS@sakilacustomer.org"
"MARIE","MARIE.TURNER@sakilacustomer.org"
"JANET","JANET.PHILLIPS@sakilacustomer.org"
"CATHERINE","CATHERINE.CAMPBELL@sakilacustomer.org"
"FRANCES","FRANCES.PARKER@sakilacustomer.org"
"ANN","ANN.EVANS@sakilacustomer.org"
"JOYCE","JOYCE.EDWARDS@sakilacustomer.org"
"DIANE","DIANE.COLLINS@sakilacustomer.org"
"ALICE","ALICE.STEWART@sakilacustomer.org"
"JULIE","JULIE.SANCHEZ@sakilacustomer.org"
"HEATHER","HEATHER.MORRIS@sakilacustomer.org"
"TERESA","TERESA.ROGERS@sakilacustomer.org"
"DORIS","DORIS.REED@sakilacustomer.org"
"GLORIA","GLORIA.COOK@sakilacustomer.org"
"EVELYN","EVELYN.MORGAN@sakilacustomer.org"
"JEAN","JEAN.BELL@sakilacustomer.org"
"CHERYL","CHERYL.MURPHY@sakilacustomer.org"
"MILDRED","MILDRED.BAILEY@sakilacustomer.org"
"KATHERINE","KATHERINE.RIVERA@sakilacustomer.org"
"JOAN","JOAN.COOPER@sakilacustomer.org"
"ASHLEY","ASHLEY.RICHARDSON@sakilacustomer.org"
"JUDITH","JUDITH.COX@sakilacustomer.org"
"ROSE","ROSE.HOWARD@sakilacustomer.org"
"JANICE","JANICE.WARD@sakilacustomer.org"
"KELLY","KELLY.TORRES@sakilacustomer.org"
"NICOLE","NICOLE.PETERSON@sakilacustomer.org"
"JUDY","JUDY.GRAY@sakilacustomer.org"
"CHRISTINA","CHRISTINA.RAMIREZ@sakilacustomer.org"
"KATHY","KATHY.JAMES@sakilacustomer.org"
"THERESA","THERESA.WATSON@sakilacustomer.org"
"BEVERLY","BEVERLY.BROOKS@sakilacustomer.org"
"DENISE","DENISE.KELLY@sakilacustomer.org"
"TAMMY","TAMMY.SANDERS@sakilacustomer.org"
"IRENE","IRENE.PRICE@sakilacustomer.org"
"JANE","JANE.BENNETT@sakilacustomer.org"
"LORI","LORI.WOOD@sakilacustomer.org"
"RACHEL","RACHEL.BARNES@sakilacustomer.org"
"MARILYN","MARILYN.ROSS@sakilacustomer.org"
"ANDREA","ANDREA.HENDERSON@sakilacustomer.org"
"KATHRYN","KATHRYN.COLEMAN@sakilacustomer.org"
"LOUISE","LOUISE.JENKINS@sakilacustomer.org"
"SARA","SARA.PERRY@sakilacustomer.org"
"ANNE","ANNE.POWELL@sakilacustomer.org"
"JACQUELINE","JACQUELINE.LONG@sakilacustomer.org"
"WANDA","WANDA.PATTERSON@sakilacustomer.org"
"BONNIE","BONNIE.HUGHES@sakilacustomer.org"
"JULIA","JULIA.FLORES@sakilacustomer.org"
"RUBY","RUBY.WASHINGTON@sakilacustomer.org"
"LOIS","LOIS.BUTLER@sakilacustomer.org"
"TINA","TINA.SIMMONS@sakilacustomer.org"
"PHYLLIS","PHYLLIS.FOSTER@sakilacustomer.org"
"NORMA","NORMA.GONZALES@sakilacustomer.org"
"PAULA","PAULA.BRYANT@sakilacustomer.org"
"DIANA","DIANA.ALEXANDER@sakilacustomer.org"
"ANNIE","ANNIE.RUSSELL@sakilacustomer.org"
"LILLIAN","LILLIAN.GRIFFIN@sakilacustomer.org"
"EMILY","EMILY.DIAZ@sakilacustomer.org"
"ROBIN","ROBIN.HAYES@sakilacustomer.org"
"PEGGY","PEGGY.MYERS@sakilacustomer.org"
"CRYSTAL","CRYSTAL.FORD@sakilacustomer.org"
"GLADYS","GLADYS.HAMILTON@sakilacustomer.org"
"RITA","RITA.GRAHAM@sakilacustomer.org"
"DAWN","DAWN.SULLIVAN@sakilacustomer.org"
"CONNIE","CONNIE.WALLACE@sakilacustomer.org"
"FLORENCE","FLORENCE.WOODS@sakilacustomer.org"
"TRACY","TRACY.COLE@sakilacustomer.org"
"EDNA","EDNA.WEST@sakilacustomer.org"
"TIFFANY","TIFFANY.JORDAN@sakilacustomer.org"
"CARMEN","CARMEN.OWENS@sakilacustomer.org"
"ROSA","ROSA.REYNOLDS@sakilacustomer.org"
"CINDY","CINDY.FISHER@sakilacustomer.org"
"GRACE","GRACE.ELLIS@sakilacustomer.org"
"WENDY","WENDY.HARRISON@sakilacustomer.org"
"VICTORIA","VICTORIA.GIBSON@sakilacustomer.org"
"EDITH","EDITH.MCDONALD@sakilacustomer.org"
"KIM","KIM.CRUZ@sakilacustomer.org"
"SHERRY","SHERRY.MARSHALL@sakilacustomer.org"
"SYLVIA","SYLVIA.ORTIZ@sakilacustomer.org"
"JOSEPHINE","JOSEPHINE.GOMEZ@sakilacustomer.org"
"THELMA","THELMA.MURRAY@sakilacustomer.org"
"SHANNON","SHANNON.FREEMAN@sakilacustomer.org"
"SHEILA","SHEILA.WELLS@sakilacustomer.org"
"ETHEL","ETHEL.WEBB@sakilacustomer.org"
"ELLEN","ELLEN.SIMPSON@sakilacustomer.org"
"ELAINE","ELAINE.STEVENS@sakilacustomer.org"
"MARJORIE","MARJORIE.TUCKER@sakilacustomer.org"
"CARRIE","CARRIE.PORTER@sakilacustomer.org"
"CHARLOTTE","CHARLOTTE.HUNTER@sakilacustomer.org"
"MONICA","MONICA.HICKS@sakilacustomer.org"
"ESTHER","ESTHER.CRAWFORD@sakilacustomer.org"
"PAULINE","PAULINE.HENRY@sakilacustomer.org"
"EMMA","EMMA.BOYD@sakilacustomer.org"
"JUANITA","JUANITA.MASON@sakilacustomer.org"
"ANITA","ANITA.MORALES@sakilacustomer.org"
"RHONDA","RHONDA.KENNEDY@sakilacustomer.org"
"HAZEL","HAZEL.WARREN@sakilacustomer.org"
"AMBER","AMBER.DIXON@sakilacustomer.org"
"EVA","EVA.RAMOS@sakilacustomer.org"
"DEBBIE","DEBBIE.REYES@sakilacustomer.org"
"APRIL","APRIL.BURNS@sakilacustomer.org"
"LESLIE","LESLIE.GORDON@sakilacustomer.org"
"CLARA","CLARA.SHAW@sakilacustomer.org"
"LUCILLE","LUCILLE.HOLMES@sakilacustomer.org"
"JAMIE","JAMIE.RICE@sakilacustomer.org"
"JOANNE","JOANNE.ROBERTSON@sakilacustomer.org"
"ELEANOR","ELEANOR.HUNT@sakilacustomer.org"
"VALERIE","VALERIE.BLACK@sakilacustomer.org"
"DANIELLE","DANIELLE.DANIELS@sakilacustomer.org"
"MEGAN","MEGAN.PALMER@sakilacustomer.org"
"ALICIA","ALICIA.MILLS@sakilacustomer.org"
"SUZANNE","SUZANNE.NICHOLS@sakilacustomer.org"
"MICHELE","MICHELE.GRANT@sakilacustomer.org"
"GAIL","GAIL.KNIGHT@sakilacustomer.org"
"BERTHA","BERTHA.FERGUSON@sakilacustomer.org"
"DARLENE","DARLENE.ROSE@sakilacustomer.org"
"VERONICA","VERONICA.STONE@sakilacustomer.org"
"JILL","JILL.HAWKINS@sakilacustomer.org"
"ERIN","ERIN.DUNN@sakilacustomer.org"
"GERALDINE","GERALDINE.PERKINS@sakilacustomer.org"
"LAUREN","LAUREN.HUDSON@sakilacustomer.org"
"CATHY","CATHY.SPENCER@sakilacustomer.org"
"JOANN","JOANN.GARDNER@sakilacustomer.org"
"LORRAINE","LORRAINE.STEPHENS@sakilacustomer.org"
"LYNN","LYNN.PAYNE@sakilacustomer.org"
"SALLY","SALLY.PIERCE@sakilacustomer.org"
"REGINA","REGINA.BERRY@sakilacustomer.org"
"ERICA","ERICA.MATTHEWS@sakilacustomer.org"
"BEATRICE","BEATRICE.ARNOLD@sakilacustomer.org"
"DOLORES","DOLORES.WAGNER@sakilacustomer.org"
"BERNICE","BERNICE.WILLIS@sakilacustomer.org"
"AUDREY","AUDREY.RAY@sakilacustomer.org"
"YVONNE","YVONNE.WATKINS@sakilacustomer.org"
"ANNETTE","ANNETTE.OLSON@sakilacustomer.org"
"JUNE","JUNE.CARROLL@sakilacustomer.org"
"SAMANTHA","SAMANTHA.DUNCAN@sakilacustomer.org"
"MARION","MARION.SNYDER@sakilacustomer.org"
"DANA","DANA.HART@sakilacustomer.org"
"STACY","STACY.CUNNINGHAM@sakilacustomer.org"
"ANA","ANA.BRADLEY@sakilacustomer.org"
"RENEE","RENEE.LANE@sakilacustomer.org"
"IDA","IDA.ANDREWS@sakilacustomer.org"
"VIVIAN","VIVIAN.RUIZ@sakilacustomer.org"
"ROBERTA","ROBERTA.HARPER@sakilacustomer.org"
"HOLLY","HOLLY.FOX@sakilacustomer.org"
"BRITTANY","BRITTANY.RILEY@sakilacustomer.org"
"MELANIE","MELANIE.ARMSTRONG@sakilacustomer.org"
"LORETTA","LORETTA.CARPENTER@sakilacustomer.org"
"YOLANDA","YOLANDA.WEAVER@sakilacustomer.org"
"JEANETTE","JEANETTE.GREENE@sakilacustomer.org"
"LAURIE","LAURIE.LAWRENCE@sakilacustomer.org"
"KATIE","KATIE.ELLIOTT@sakilacustomer.org"
"KRISTEN","KRISTEN.CHAVEZ@sakilacustomer.org"
"VANESSA","VANESSA.SIMS@sakilacustomer.org"
"ALMA","ALMA.AUSTIN@sakilacustomer.org"
"SUE","SUE.PETERS@sakilacustomer.org"
"ELSIE","ELSIE.KELLEY@sakilacustomer.org"
"BETH","BETH.FRANKLIN@sakilacustomer.org"
"JEANNE","JEANNE.LAWSON@sakilacustomer.org"
"VICKI","VICKI.FIELDS@sakilacustomer.org"
"CARLA","CARLA.GUTIERREZ@sakilacustomer.org"
"TARA","TARA.RYAN@sakilacustomer.org"
"ROSEMARY","ROSEMARY.SCHMIDT@sakilacustomer.org"
"EILEEN","EILEEN.CARR@sakilacustomer.org"
"TERRI","TERRI.VASQUEZ@sakilacustomer.org"
"GERTRUDE","GERTRUDE.CASTILLO@sakilacustomer.org"
"LUCY","LUCY.WHEELER@sakilacustomer.org"
"TONYA","TONYA.CHAPMAN@sakilacustomer.org"
"ELLA","ELLA.OLIVER@sakilacustomer.org"
"STACEY","STACEY.MONTGOMERY@sakilacustomer.org"
"WILMA","WILMA.RICHARDS@sakilacustomer.org"
"GINA","GINA.WILLIAMSON@sakilacustomer.org"
"KRISTIN","KRISTIN.JOHNSTON@sakilacustomer.org"
"JESSIE","JESSIE.BANKS@sakilacustomer.org"
"NATALIE","NATALIE.MEYER@sakilacustomer.org"
"AGNES","AGNES.BISHOP@sakilacustomer.org"
"VERA","VERA.MCCOY@sakilacustomer.org"
"WILLIE","WILLIE.HOWELL@sakilacustomer.org"
"CHARLENE","CHARLENE.ALVAREZ@sakilacustomer.org"
"BESSIE","BESSIE.MORRISON@sakilacustomer.org"
"DELORES","DELORES.HANSEN@sakilacustomer.org"
"MELINDA","MELINDA.FERNANDEZ@sakilacustomer.org"
"PEARL","PEARL.GARZA@sakilacustomer.org"
"ARLENE","ARLENE.HARVEY@sakilacustomer.org"
"MAUREEN","MAUREEN.LITTLE@sakilacustomer.org"
"COLLEEN","COLLEEN.BURTON@sakilacustomer.org"
"ALLISON","ALLISON.STANLEY@sakilacustomer.org"
"TAMARA","TAMARA.NGUYEN@sakilacustomer.org"
"JOY","JOY.GEORGE@sakilacustomer.org"
"GEORGIA","GEORGIA.JACOBS@sakilacustomer.org"
"CONSTANCE","CONSTANCE.REID@sakilacustomer.org"
"LILLIE","LILLIE.KIM@sakilacustomer.org"
"CLAUDIA","CLAUDIA.FULLER@sakilacustomer.org"
"JACKIE","JACKIE.LYNCH@sakilacustomer.org"
"MARCIA","MARCIA.DEAN@sakilacustomer.org"
"TANYA","TANYA.GILBERT@sakilacustomer.org"
"NELLIE","NELLIE.GARRETT@sakilacustomer.org"
"MINNIE","MINNIE.ROMERO@sakilacustomer.org"
"MARLENE","MARLENE.WELCH@sakilacustomer.org"
"HEIDI","HEIDI.LARSON@sakilacustomer.org"
"GLENDA","GLENDA.FRAZIER@sakilacustomer.org"
"LYDIA","LYDIA.BURKE@sakilacustomer.org"
"VIOLA","VIOLA.HANSON@sakilacustomer.org"
"COURTNEY","COURTNEY.DAY@sakilacustomer.org"
"MARIAN","MARIAN.MENDOZA@sakilacustomer.org"
"STELLA","STELLA.MORENO@sakilacustomer.org"
"CAROLINE","CAROLINE.BOWMAN@sakilacustomer.org"
"DORA","DORA.MEDINA@sakilacustomer.org"
"JO","JO.FOWLER@sakilacustomer.org"
"VICKIE","VICKIE.BREWER@sakilacustomer.org"
"MATTIE","MATTIE.HOFFMAN@sakilacustomer.org"
"TERRY","TERRY.CARLSON@sakilacustomer.org"
"MAXINE","MAXINE.SILVA@sakilacustomer.org"
"IRMA","IRMA.PEARSON@sakilacustomer.org"
"MABEL","MABEL.HOLLAND@sakilacustomer.org"
"MARSHA","MARSHA.DOUGLAS@sakilacustomer.org"
"MYRTLE","MYRTLE.FLEMING@sakilacustomer.org"
"LENA","LENA.JENSEN@sakilacustomer.org"
"CHRISTY","CHRISTY.VARGAS@sakilacustomer.org"
"DEANNA","DEANNA.BYRD@sakilacustomer.org"
"PATSY","PATSY.DAVIDSON@sakilacustomer.org"
"HILDA","HILDA.HOPKINS@sakilacustomer.org"
"GWENDOLYN","GWENDOLYN.MAY@sakilacustomer.org"
"JENNIE","JENNIE.TERRY@sakilacustomer.org"
"NORA","NORA.HERRERA@sakilacustomer.org"
"MARGIE","MARGIE.WADE@sakilacustomer.org"
"NINA","NINA.SOTO@sakilacustomer.org"
"CASSANDRA","CASSANDRA.WALTERS@sakilacustomer.org"
"LEAH","LEAH.CURTIS@sakilacustomer.org"
"PENNY","PENNY.NEAL@sakilacustomer.org"
"KAY","KAY.CALDWELL@sakilacustomer.org"
"PRISCILLA","PRISCILLA.LOWE@sakilacustomer.org"
"NAOMI","NAOMI.JENNINGS@sakilacustomer.org"
"CAROLE","CAROLE.BARNETT@sakilacustomer.org"
"BRANDY","BRANDY.GRAVES@sakilacustomer.org"
"OLGA","OLGA.JIMENEZ@sakilacustomer.org"
"BILLIE","BILLIE.HORTON@sakilacustomer.org"
"DIANNE","DIANNE.SHELTON@sakilacustomer.org"
"TRACEY","TRACEY.BARRETT@sakilacustomer.org"
"LEONA","LEONA.OBRIEN@sakilacustomer.org"
"JENNY","JENNY.CASTRO@sakilacustomer.org"
"FELICIA","FELICIA.SUTTON@sakilacustomer.org"
"SONIA","SONIA.GREGORY@sakilacustomer.org"
"MIRIAM","MIRIAM.MCKINNEY@sakilacustomer.org"
"VELMA","VELMA.LUCAS@sakilacustomer.org"
"BECKY","BECKY.MILES@sakilacustomer.org"
"BOBBIE","BOBBIE.CRAIG@sakilacustomer.org"
"VIOLET","VIOLET.RODRIQUEZ@sakilacustomer.org"
"KRISTINA","KRISTINA.CHAMBERS@sakilacustomer.org"
"TONI","TONI.HOLT@sakilacustomer.org"
"MISTY","MISTY.LAMBERT@sakilacustomer.org"
"MAE","MAE.FLETCHER@sakilacustomer.org"
"SHELLY","SHELLY.WATTS@sakilacustomer.org"
"DAISY","DAISY.BATES@sakilacustomer.org"
"RAMONA","RAMONA.HALE@sakilacustomer.org"
"SHERRI","SHERRI.RHODES@sakilacustomer.org"
"ERIKA","ERIKA.PENA@sakilacustomer.org"
"JAMES","JAMES.GANNON@sakilacustomer.org"
"JOHN","JOHN.FARNSWORTH@sakilacustomer.org"
"ROBERT","ROBERT.BAUGHMAN@sakilacustomer.org"
"MICHAEL","MICHAEL.SILVERMAN@sakilacustomer.org"
"WILLIAM","WILLIAM.SATTERFIELD@sakilacustomer.org"
"DAVID","DAVID.ROYAL@sakilacustomer.org"
"RICHARD","RICHARD.MCCRARY@sakilacustomer.org"
"CHARLES","CHARLES.KOWALSKI@sakilacustomer.org"
"JOSEPH","JOSEPH.JOY@sakilacustomer.org"
"THOMAS","THOMAS.GRIGSBY@sakilacustomer.org"
"CHRISTOPHER","CHRISTOPHER.GRECO@sakilacustomer.org"
"DANIEL","DANIEL.CABRAL@sakilacustomer.org"
"PAUL","PAUL.TROUT@sakilacustomer.org"
"MARK","MARK.RINEHART@sakilacustomer.org"
"DONALD","DONALD.MAHON@sakilacustomer.org"
"GEORGE","GEORGE.LINTON@sakilacustomer.org"
"KENNETH","KENNETH.GOODEN@sakilacustomer.org"
"STEVEN","STEVEN.CURLEY@sakilacustomer.org"
"EDWARD","EDWARD.BAUGH@sakilacustomer.org"
"BRIAN","BRIAN.WYMAN@sakilacustomer.org"
"RONALD","RONALD.WEINER@sakilacustomer.org"
"ANTHONY","ANTHONY.SCHWAB@sakilacustomer.org"
"KEVIN","KEVIN.SCHULER@sakilacustomer.org"
"JASON","JASON.MORRISSEY@sakilacustomer.org"
"MATTHEW","MATTHEW.MAHAN@sakilacustomer.org"
"GARY","GARY.COY@sakilacustomer.org"
"TIMOTHY","TIMOTHY.BUNN@sakilacustomer.org"
"JOSE","JOSE.ANDREW@sakilacustomer.org"
"LARRY","LARRY.THRASHER@sakilacustomer.org"
"JEFFREY","JEFFREY.SPEAR@sakilacustomer.org"
"FRANK","FRANK.WAGGONER@sakilacustomer.org"
"SCOTT","SCOTT.SHELLEY@sakilacustomer.org"
"ERIC","ERIC.ROBERT@sakilacustomer.org"
"STEPHEN","STEPHEN.QUALLS@sakilacustomer.org"
"ANDREW","ANDREW.PURDY@sakilacustomer.org"
"RAYMOND","RAYMOND.MCWHORTER@sakilacustomer.org"
"GREGORY","GREGORY.MAULDIN@sakilacustomer.org"
"JOSHUA","JOSHUA.MARK@sakilacustomer.org"
"JERRY","JERRY.JORDON@sakilacustomer.org"
"DENNIS","DENNIS.GILMAN@sakilacustomer.org"
"WALTER","WALTER.PERRYMAN@sakilacustomer.org"
"PATRICK","PATRICK.NEWSOM@sakilacustomer.org"
"PETER","PETER.MENARD@sakilacustomer.org"
"HAROLD","HAROLD.MARTINO@sakilacustomer.org"
"DOUGLAS","DOUGLAS.GRAF@sakilacustomer.org"
"HENRY","HENRY.BILLINGSLEY@sakilacustomer.org"
"CARL","CARL.ARTIS@sakilacustomer.org"
"ARTHUR","ARTHUR.SIMPKINS@sakilacustomer.org"
"RYAN","RYAN.SALISBURY@sakilacustomer.org"
"ROGER","ROGER.QUINTANILLA@sakilacustomer.org"
"JOE","JOE.GILLILAND@sakilacustomer.org"
"JUAN","JUAN.FRALEY@sakilacustomer.org"
"JACK","JACK.FOUST@sakilacustomer.org"
"ALBERT","ALBERT.CROUSE@sakilacustomer.org"
"JONATHAN","JONATHAN.SCARBOROUGH@sakilacustomer.org"
"JUSTIN","JUSTIN.NGO@sakilacustomer.org"
"TERRY","TERRY.GRISSOM@sakilacustomer.org"
"GERALD","GERALD.FULTZ@sakilacustomer.org"
"KEITH","KEITH.RICO@sakilacustomer.org"
"SAMUEL","SAMUEL.MARLOW@sakilacustomer.org"
"WILLIE","WILLIE.MARKHAM@sakilacustomer.org"
"RALPH","RALPH.MADRIGAL@sakilacustomer.org"
"LAWRENCE","LAWRENCE.LAWTON@sakilacustomer.org"
"NICHOLAS","NICHOLAS.BARFIELD@sakilacustomer.org"
"ROY","ROY.WHITING@sakilacustomer.org"
"BENJAMIN","BENJAMIN.VARNEY@sakilacustomer.org"
"BRUCE","BRUCE.SCHWARZ@sakilacustomer.org"
"BRANDON","BRANDON.HUEY@sakilacustomer.org"
"ADAM","ADAM.GOOCH@sakilacustomer.org"
"HARRY","HARRY.ARCE@sakilacustomer.org"
"FRED","FRED.WHEAT@sakilacustomer.org"
"WAYNE","WAYNE.TRUONG@sakilacustomer.org"
"BILLY","BILLY.POULIN@sakilacustomer.org"
"STEVE","STEVE.MACKENZIE@sakilacustomer.org"
"LOUIS","LOUIS.LEONE@sakilacustomer.org"
"JEREMY","JEREMY.HURTADO@sakilacustomer.org"
"AARON","AARON.SELBY@sakilacustomer.org"
"RANDY","RANDY.GAITHER@sakilacustomer.org"
"HOWARD","HOWARD.FORTNER@sakilacustomer.org"
"EUGENE","EUGENE.CULPEPPER@sakilacustomer.org"
"CARLOS","CARLOS.COUGHLIN@sakilacustomer.org"
"RUSSELL","RUSSELL.BRINSON@sakilacustomer.org"
"BOBBY","BOBBY.BOUDREAU@sakilacustomer.org"
"VICTOR","VICTOR.BARKLEY@sakilacustomer.org"
"MARTIN","MARTIN.BALES@sakilacustomer.org"
"ERNEST","ERNEST.STEPP@sakilacustomer.org"
"PHILLIP","PHILLIP.HOLM@sakilacustomer.org"
"TODD","TODD.TAN@sakilacustomer.org"
"JESSE","JESSE.SCHILLING@sakilacustomer.org"
"CRAIG","CRAIG.MORRELL@sakilacustomer.org"
"ALAN","ALAN.KAHN@sakilacustomer.org"
"SHAWN","SHAWN.HEATON@sakilacustomer.org"
"CLARENCE","CLARENCE.GAMEZ@sakilacustomer.org"
"SEAN","SEAN.DOUGLASS@sakilacustomer.org"
"PHILIP","PHILIP.CAUSEY@sakilacustomer.org"
"CHRIS","CHRIS.BROTHERS@sakilacustomer.org"
"JOHNNY","JOHNNY.TURPIN@sakilacustomer.org"
"EARL","EARL.SHANKS@sakilacustomer.org"
"JIMMY","JIMMY.SCHRADER@sakilacustomer.org"
"ANTONIO","ANTONIO.MEEK@sakilacustomer.org"
"DANNY","DANNY.ISOM@sakilacustomer.org"
"BRYAN","BRYAN.HARDISON@sakilacustomer.org"
"TONY","TONY.CARRANZA@sakilacustomer.org"
"LUIS","LUIS.YANEZ@sakilacustomer.org"
"MIKE","MIKE.WAY@sakilacustomer.org"
"STANLEY","STANLEY.SCROGGINS@sakilacustomer.org"
"LEONARD","LEONARD.SCHOFIELD@sakilacustomer.org"
"NATHAN","NATHAN.RUNYON@sakilacustomer.org"
"DALE","DALE.RATCLIFF@sakilacustomer.org"
"MANUEL","MANUEL.MURRELL@sakilacustomer.org"
"RODNEY","RODNEY.MOELLER@sakilacustomer.org"
"CURTIS","CURTIS.IRBY@sakilacustomer.org"
"NORMAN","NORMAN.CURRIER@sakilacustomer.org"
"ALLEN","ALLEN.BUTTERFIELD@sakilacustomer.org"
"MARVIN","MARVIN.YEE@sakilacustomer.org"
"VINCENT","VINCENT.RALSTON@sakilacustomer.org"
"GLENN","GLENN.PULLEN@sakilacustomer.org"
"JEFFERY","JEFFERY.PINSON@sakilacustomer.org"
"TRAVIS","TRAVIS.ESTEP@sakilacustomer.org"
"JEFF","JEFF.EAST@sakilacustomer.org"
"CHAD","CHAD.CARBONE@sakilacustomer.org"
"JACOB","JACOB.LANCE@sakilacustomer.org"
"LEE","LEE.HAWKS@sakilacustomer.org"
"MELVIN","MELVIN.ELLINGTON@sakilacustomer.org"
"ALFRED","ALFRED.CASILLAS@sakilacustomer.org"
"KYLE","KYLE.SPURLOCK@sakilacustomer.org"
"FRANCIS","FRANCIS.SIKES@sakilacustomer.org"
"BRADLEY","BRADLEY.MOTLEY@sakilacustomer.org"
"JESUS","JESUS.MCCARTNEY@sakilacustomer.org"
"HERBERT","HERBERT.KRUGER@sakilacustomer.org"
"FREDERICK","FREDERICK.ISBELL@sakilacustomer.org"
"RAY","RAY.HOULE@sakilacustomer.org"
"JOEL","JOEL.FRANCISCO@sakilacustomer.org"
"EDWIN","EDWIN.BURK@sakilacustomer.org"
"DON","DON.BONE@sakilacustomer.org"
"EDDIE","EDDIE.TOMLIN@sakilacustomer.org"
"RICKY","RICKY.SHELBY@sakilacustomer.org"
"TROY","TROY.QUIGLEY@sakilacustomer.org"
"RANDALL","RANDALL.NEUMANN@sakilacustomer.org"
"BARRY","BARRY.LOVELACE@sakilacustomer.org"
"ALEXANDER","ALEXANDER.FENNELL@sakilacustomer.org"
"BERNARD","BERNARD.COLBY@sakilacustomer.org"
"MARIO","MARIO.CHEATHAM@sakilacustomer.org"
"LEROY","LEROY.BUSTAMANTE@sakilacustomer.org"
"FRANCISCO","FRANCISCO.SKIDMORE@sakilacustomer.org"
"MARCUS","MARCUS.HIDALGO@sakilacustomer.org"
"MICHEAL","MICHEAL.FORMAN@sakilacustomer.org"
"THEODORE","THEODORE.CULP@sakilacustomer.org"
"CLIFFORD","CLIFFORD.BOWENS@sakilacustomer.org"
"MIGUEL","MIGUEL.BETANCOURT@sakilacustomer.org"
"OSCAR","OSCAR.AQUINO@sakilacustomer.org"
"JAY","JAY.ROBB@sakilacustomer.org"
"JIM","JIM.REA@sakilacustomer.org"
"TOM","TOM.MILNER@sakilacustomer.org"
"CALVIN","CALVIN.MARTEL@sakilacustomer.org"
"ALEX","ALEX.GRESHAM@sakilacustomer.org"
"JON","JON.WILES@sakilacustomer.org"
"RONNIE","RONNIE.RICKETTS@sakilacustomer.org"
"BILL","BILL.GAVIN@sakilacustomer.org"
"LLOYD","LLOYD.DOWD@sakilacustomer.org"
"TOMMY","TOMMY.COLLAZO@sakilacustomer.org"
"LEON","LEON.BOSTIC@sakilacustomer.org"
"DEREK","DEREK.BLAKELY@sakilacustomer.org"
"WARREN","WARREN.SHERROD@sakilacustomer.org"
"DARRELL","DARRELL.POWER@sakilacustomer.org"
"JEROME","JEROME.KENYON@sakilacustomer.org"
"FLOYD","FLOYD.GANDY@sakilacustomer.org"
"LEO","LEO.EBERT@sakilacustomer.org"
"ALVIN","ALVIN.DELOACH@sakilacustomer.org"
"TIM","TIM.CARY@sakilacustomer.org"
"WESLEY","WESLEY.BULL@sakilacustomer.org"
"GORDON","GORDON.ALLARD@sakilacustomer.org"
"DEAN","DEAN.SAUER@sakilacustomer.org"
"GREG","GREG.ROBINS@sakilacustomer.org"
"JORGE","JORGE.OLIVARES@sakilacustomer.org"
"DUSTIN","DUSTIN.GILLETTE@sakilacustomer.org"
"PEDRO","PEDRO.CHESTNUT@sakilacustomer.org"
"DERRICK","DERRICK.BOURQUE@sakilacustomer.org"
"DAN","DAN.PAINE@sakilacustomer.org"
"LEWIS","LEWIS.LYMAN@sakilacustomer.org"
"ZACHARY","ZACHARY.HITE@sakilacustomer.org"
"COREY","COREY.HAUSER@sakilacustomer.org"
"HERMAN","HERMAN.DEVORE@sakilacustomer.org"
"MAURICE","MAURICE.CRAWLEY@sakilacustomer.org"
"VERNON","VERNON.CHAPA@sakilacustomer.org"
"ROBERTO","ROBERTO.VU@sakilacustomer.org"
"CLYDE","CLYDE.TOBIAS@sakilacustomer.org"
"GLEN","GLEN.TALBERT@sakilacustomer.org"
"HECTOR","HECTOR.POINDEXTER@sakilacustomer.org"
"SHANE","SHANE.MILLARD@sakilacustomer.org"
"RICARDO","RICARDO.MEADOR@sakilacustomer.org"
"SAM","SAM.MCDUFFIE@sakilacustomer.org"
"RICK","RICK.MATTOX@sakilacustomer.org"
"LESTER","LESTER.KRAUS@sakilacustomer.org"
"BRENT","BRENT.HARKINS@sakilacustomer.org"
"RAMON","RAMON.CHOATE@sakilacustomer.org"
"CHARLIE","CHARLIE.BESS@sakilacustomer.org"
"TYLER","TYLER.WREN@sakilacustomer.org"
"GILBERT","GILBERT.SLEDGE@sakilacustomer.org"
"GENE","GENE.SANBORN@sakilacustomer.org"
"MARC","MARC.OUTLAW@sakilacustomer.org"
"REGINALD","REGINALD.KINDER@sakilacustomer.org"
"RUBEN","RUBEN.GEARY@sakilacustomer.org"
"BRETT","BRETT.CORNWELL@sakilacustomer.org"
"ANGEL","ANGEL.BARCLAY@sakilacustomer.org"
"NATHANIEL","NATHANIEL.ADAM@sakilacustomer.org"
"RAFAEL","RAFAEL.ABNEY@sakilacustomer.org"
"LESLIE","LESLIE.SEWARD@sakilacustomer.org"
"EDGAR","EDGAR.RHOADS@sakilacustomer.org"
"MILTON","MILTON.HOWLAND@sakilacustomer.org"
"RAUL","RAUL.FORTIER@sakilacustomer.org"
"BEN","BEN.EASTER@sakilacustomer.org"
"CHESTER","CHESTER.BENNER@sakilacustomer.org"
"CECIL","CECIL.VINES@sakilacustomer.org"
"DUANE","DUANE.TUBBS@sakilacustomer.org"
"FRANKLIN","FRANKLIN.TROUTMAN@sakilacustomer.org"
"ANDRE","ANDRE.RAPP@sakilacustomer.org"
"ELMER","ELMER.NOE@sakilacustomer.org"
"BRAD","BRAD.MCCURDY@sakilacustomer.org"
"GABRIEL","GABRIEL.HARDER@sakilacustomer.org"
"RON","RON.DELUCA@sakilacustomer.org"
"MITCHELL","MITCHELL.WESTMORELAND@sakilacustomer.org"
"ROLAND","ROLAND.SOUTH@sakilacustomer.org"
"ARNOLD","ARNOLD.HAVENS@sakilacustomer.org"
"HARVEY","HARVEY.GUAJARDO@sakilacustomer.org"
"JARED","JARED.ELY@sakilacustomer.org"
"ADRIAN","ADRIAN.CLARY@sakilacustomer.org"
"KARL","KARL.SEAL@sakilacustomer.org"
"CORY","CORY.MEEHAN@sakilacustomer.org"
"CLAUDE","CLAUDE.HERZOG@sakilacustomer.org"
"ERIK","ERIK.GUILLEN@sakilacustomer.org"
"DARRYL","DARRYL.ASHCRAFT@sakilacustomer.org"
"JAMIE","JAMIE.WAUGH@sakilacustomer.org"
"NEIL","NEIL.RENNER@sakilacustomer.org"
"JESSIE","JESSIE.MILAM@sakilacustomer.org"
"CHRISTIAN","CHRISTIAN.JUNG@sakilacustomer.org"
"JAVIER","JAVIER.ELROD@sakilacustomer.org"
"FERNANDO","FERNANDO.CHURCHILL@sakilacustomer.org"
"CLINTON","CLINTON.BUFORD@sakilacustomer.org"
"TED","TED.BREAUX@sakilacustomer.org"
"MATHEW","MATHEW.BOLIN@sakilacustomer.org"
"TYRONE","TYRONE.ASHER@sakilacustomer.org"
"DARREN","DARREN.WINDHAM@sakilacustomer.org"
"LONNIE","LONNIE.TIRADO@sakilacustomer.org"
"LANCE","LANCE.PEMBERTON@sakilacustomer.org"
"CODY","CODY.NOLEN@sakilacustomer.org"
"JULIO","JULIO.NOLAND@sakilacustomer.org"
"KELLY","KELLY.KNOTT@sakilacustomer.org"
"KURT","KURT.EMMONS@sakilacustomer.org"
"ALLAN","ALLAN.CORNISH@sakilacustomer.org"
"NELSON","NELSON.CHRISTENSON@sakilacustomer.org"
"GUY","GUY.BROWNLEE@sakilacustomer.org"
"CLAYTON","CLAYTON.BARBEE@sakilacustomer.org"
"HUGH","HUGH.WALDROP@sakilacustomer.org"
"MAX","MAX.PITT@sakilacustomer.org"
"DWAYNE","DWAYNE.OLVERA@sakilacustomer.org"
"DWIGHT","DWIGHT.LOMBARDI@sakilacustomer.org"
"ARMANDO","ARMANDO.GRUBER@sakilacustomer.org"
"FELIX","FELIX.GAFFNEY@sakilacustomer.org"
"JIMMIE","JIMMIE.EGGLESTON@sakilacustomer.org"
"EVERETT","EVERETT.BANDA@sakilacustomer.org"
"JORDAN","JORDAN.ARCHULETA@sakilacustomer.org"
"IAN","IAN.STILL@sakilacustomer.org"
"WALLACE","WALLACE.SLONE@sakilacustomer.org"
"KEN","KEN.PREWITT@sakilacustomer.org"
"BOB","BOB.PFEIFFER@sakilacustomer.org"
"JAIME","JAIME.NETTLES@sakilacustomer.org"
"CASEY","CASEY.MENA@sakilacustomer.org"
"ALFREDO","ALFREDO.MCADAMS@sakilacustomer.org"
"ALBERTO","ALBERTO.HENNING@sakilacustomer.org"
"DAVE","DAVE.GARDINER@sakilacustomer.org"
"IVAN","IVAN.CROMWELL@sakilacustomer.org"
"JOHNNIE","JOHNNIE.CHISHOLM@sakilacustomer.org"
"SIDNEY","SIDNEY.BURLESON@sakilacustomer.org"
"BYRON","BYRON.BOX@sakilacustomer.org"
"JULIAN","JULIAN.VEST@sakilacustomer.org"
"ISAAC","ISAAC.OGLESBY@sakilacustomer.org"
"MORRIS","MORRIS.MCCARTER@sakilacustomer.org"
"CLIFTON","CLIFTON.MALCOLM@sakilacustomer.org"
"WILLARD","WILLARD.LUMPKIN@sakilacustomer.org"
"DARYL","DARYL.LARUE@sakilacustomer.org"
"ROSS","ROSS.GREY@sakilacustomer.org"
"VIRGIL","VIRGIL.WOFFORD@sakilacustomer.org"
"ANDY","ANDY.VANHORN@sakilacustomer.org"
"MARSHALL","MARSHALL.THORN@sakilacustomer.org"
"SALVADOR","SALVADOR.TEEL@sakilacustomer.org"
"PERRY","PERRY.SWAFFORD@sakilacustomer.org"
"KIRK","KIRK.STCLAIR@sakilacustomer.org"
"SERGIO","SERGIO.STANFIELD@sakilacustomer.org"
"MARION","MARION.OCAMPO@sakilacustomer.org"
"TRACY","TRACY.HERRMANN@sakilacustomer.org"
"SETH","SETH.HANNON@sakilacustomer.org"
"KENT","KENT.ARSENAULT@sakilacustomer.org"
"TERRANCE","TERRANCE.ROUSH@sakilacustomer.org"
"RENE","RENE.MCALISTER@sakilacustomer.org"
"EDUARDO","EDUARDO.HIATT@sakilacustomer.org"
"TERRENCE","TERRENCE.GUNDERSON@sakilacustomer.org"
"ENRIQUE","ENRIQUE.FORSYTHE@sakilacustomer.org"
"FREDDIE","FREDDIE.DUGGAN@sakilacustomer.org"
"WADE","WADE.DELVALLE@sakilacustomer.org"
"AUSTIN","AUSTIN.CINTRON@sakilacustomer.org"
