"right","right-2"
"r.org","."
"r.org","s"
"r.org","o"
"r.org","m"
"r.org","t"
"r.org","o"
"r.org","e"
"r.org","e"
"r.org","o"
"r.org","o"
"r.org","m"
"r.org","e"
"r.org","m"
"r.org","r"
"r.org","e"
"r.org","m"
"r.org","o"
"r.org","e"
"r.org","m"
"r.org","t"
"r.org","o"
"r.org","t"
"r.org","r"
"r.org","e"
"r.org","o"
"r.org","e"
"r.org","m"
"r.org","m"
"r.org","s"
"r.org","e"
"r.org","m"
"r.org","o"
"r.org","o"
"r.org","m"
"r.org","o"
"r.org","o"
"r.org","e"
"r.org","t"
"r.org","e"
"r.org","m"
"r.org","c"
"r.org","m"
"r.org","u"
"r.org","e"
"r.org","o"
"r.org","c"
"r.org","o"
"r.org","o"
"r.org","m"
"r.org","m"
"r.org","m"
"r.org","m"
"r.org","o"
"r.org","m"
"r.org","."
"r.org","r"
"r.org","m"
"r.org","o"
"r.org","m"
"r.org","o"
"r.org","s"
"r.org","r"
"r.org","u"
"r.org","."
"r.org","r"
"r.org","r"
"r.org","e"
"r.org","t"
"r.org","o"
"r.org","u"
"r.org","r"
"r.org","o"
"r.org","o"
"r.org","e"
"r.org","m"
"r.org","r"
"r.org","e"
"r.org","o"
"r.org","m"
"r.org","e"
"r.org","s"
"r.org","t"
"r.org","o"
"r.org","."
"r.org","r"
"r.org","t"
"r.org","t"
"r.org","m"
"r.org","e"
"r.org","t"
"r.org","r"
"r.org","e"
"r.org","o"
"r.org","o"
"r.org","e"
"r.org","t"
"r.org","m"
"r.org","t"
"r.org","."
"r.org","r"
"r.org","r"
"r.org","e"
"r.org","t"
"r.org","r"
"r.org","m"
"r.org","o"
"r.org","o"
"r.org","."
"r.org","o"
"r.org","o"
"r.org","e"
"r.org","m"
"r.org","e"
"r.org","r"
"r.org","o"
"r.org","t"
"r.org","o"
"r.org","r"
"r.org","t"
"r.org","e"
"r.org","t"
"r.org","m"
"r.org","t"
"r.org","e"
"r.org","."
"r.org","m"
"r.org","o"
"r.org","t"
"r.org","m"
"r.org","s"
"r.org","e"
"r.org","t"
"r.org","m"
"r.org","o"
"r.org","m"
"r.org","m"
"r.org","o"
"r.org","e"
"r.org","r"
"r.org","o"
"r.org","e"
"r.org","r"
"r.org","m"
"r.org","."
"r.org","o"
"r.org","."
"r.org","s"
"r.org","e"
"r.org","m"
"r.org","s"
"r.org","e"
"r.org","e"
"r.org","t"
"r.org","m"
"r.org","r"
"r.org","t"
"r.org","e"
"r.org","o"
"r.org","e"
"r.org","o"
"r.org","u"
"r.org","m"
"r.org","m"
"r.org","m"
"r.org","u"
"r.org","."
"r.org","e"
"r.org","e"
"r.org","o"
"r.org","t"
"r.org","o"
"r.org","o"
"r.org","."
"r.org","o"
"r.org","m"
"r.org","e"
"r.org","t"
"r.org","m"
"r.org","o"
"r.org","s"
"r.org","r"
"r.org","."
"r.org","r"
"r.org","r"
"r.org","o"
"r.org","o"
"r.org","o"
"r.org","u"
"r.org","u"
"r.org","o"
"r.org","t"
"r.org","t"
"r.org","m"
"r.org","o"
"r.org","e"
"r.org","r"
"r.org","."
"r.org","e"
"r.org","m"
"r.org","m"
"r.org","e"
"r.org","t"
"r.org","o"
"r.org","s"
"r.org","r"
"r.org","m"
"r.org","u"
"r.org","e"
"r.org","m"
"r.org","r"
"r.org","u"
"r.org","o"
"r.org","t"
"r.org","s"
"r.org","e"
"r.org","m"
"r.org","e"
"r.org","."
"r.org","m"
"r.org","s"
"r.org","t"
"r.org","o"
"r.org","u"
"r.org","r"
"r.org","m"
"r.org","o"
"r.org","o"
"r.org","t"
"r.org","m"
"r.org","."
"r.org","o"
"r.org","o"
"r.org","."
"r.org","o"
"r.org","e"
"r.org","r"
"r.org","m"
"r.org","o"
"r.org","m"
"r.org","m"
"r.org","e"
"r.org","o"
"r.org","r"
"r.org","e"
"r.org","e"
"r.org","o"
"r.org","m"
"r.org","t"
"r.org","r"
"r.org","o"
"r.org","m"
"r.org","o"
"r.org","m"
"r.org","e"
"r.org","e"
"r.org","m"
"r.org","o"
"r.org","o"
"r.org","r"
"r.org","o"
"r.org","r"
"r.org","o"
"r.org","m"
"r.org","m"
"r.org","e"
"r.org","e"
"r.org","r"
"r.org","o"
"r.org","u"
"r.org","r"
"r.org","."
"r.org","e"
"r.org","o"
"r.org","o"
"r.org","o"
"r.org","m"
"r.org","e"
"r.org","m"
"r.org","o"
"r.org","o"
"r.org","e"
"r.org","e"
"r.org","o"
"r.org","m"
"r.org","t"
"r.org","r"
"r.org","r"
"r.org","e"
"r.org","s"
"r.org","u"
"r.org","o"
"r.org","m"
"r.org","e"
"r.org","e"
"r.org","r"
"r.org","r"
"r.org","m"
"r.org","."
"r.org","e"
"r.org","t"
"r.org","t"
"r.org","u"
"r.org","a"
"r.org","r"
"r.org","t"
"r.org","s"
"r.org","."
"r.org","o"
"r.org","u"
"r.org","m"
"r.org","."
"r.org","m"
"r.org","e"
"r.org","m"
"r.org","o"
"r.org","m"
"r.org","e"
"r.org","r"
"r.org","m"
"r.org","o"
"r.org","m"
"r.org","t"
"r.org","m"
"r.org","r"
"r.org","e"
"r.org","r"
"r.org","o"
"r.org","m"
"r.org","o"
"r.org","m"
"r.org","r"
"r.org","o"
"r.org","e"
"r.org","u"
"r.org","t"
"r.org","r"
"r.org","e"
"r.org","m"
"r.org","t"
"r.org","o"
"r.org","e"
"r.org","o"
"r.org","e"
"r.org","u"
"r.org","."
"r.org","t"
"r.org","o"
"r.org","u"
"r.org","m"
"r.org","r"
"r.org","."
"r.org","m"
"r.org","l"
"r.org","."
"r.org","m"
"r.org","e"
"r.org","."
"r.org","m"
"r.org","o"
"r.org","o"
"r.org","t"
"r.org","u"
"r.org","r"
"r.org","t"
"r.org","m"
"r.org","e"
"r.org","."
"r.org","."
"r.org","."
"r.org","e"
"r.org","e"
"r.org","t"
"r.org","r"
"r.org","o"
"r.org","r"
"r.org","m"
"r.org","o"
"r.org","s"
"r.org","t"
"r.org","t"
"r.org","o"
"r.org","o"
"r.org","e"
"r.org","e"
"r.org","e"
"r.org","r"
"r.org","t"
"r.org","m"
"r.org","o"
"r.org","e"
"r.org","o"
"r.org","m"
"r.org","m"
"r.org","o"
"r.org","m"
"r.org","r"
"r.org","o"
"r.org","e"
"r.org","."
"r.org","o"
"r.org","m"
"r.org","."
"r.org","r"
"r.org","u"
"r.org","u"
"r.org","m"
"r.org","m"
"r.org","o"
"r.org","o"
"r.org","r"
"r.org","o"
"r.org","u"
"r.org","."
"r.org","t"
"r.org","e"
"r.org","o"
"r.org","e"
"r.org","o"
"r.org","e"
"r.org","r"
"r.org","o"
"r.org","s"
"r.org","t"
"r.org","m"
"r.org","m"
"r.org","o"
"r.org","t"
"r.org","o"
"r.org","s"
"r.org","o"
"r.org","o"
"r.org","."
"r.org","r"
"r.org","e"
"r.org","e"
"r.org","e"
"r.org","t"
"r.org","o"
"r.org","u"
"r.org","m"
"r.org","o"
"r.org","s"
"r.org","c"
"r.org","o"
"r.org","o"
"r.org","m"
"r.org","t"
"r.org","u"
"r.org","e"
"r.org","r"
"r.org","g"
"r.org","."
"r.org","m"
"r.org","e"
"r.org","o"
"r.org","t"
"r.org","."
"r.org","."
"r.org","m"
"r.org","r"
"r.org","m"
"r.org","o"
"r.org","m"
"r.org","m"
"r.org","r"
"r.org","o"
"r.org","m"
"r.org","r"
"r.org","r"
"r.org","m"
"r.org","."
"r.org","r"
"r.org","o"
"r.org","t"
"r.org","o"
"r.org","t"
"r.org","o"
"r.org","r"
"r.org","e"
"r.org","e"
"r.org","m"
"r.org","t"
"r.org","e"
"r.org","."
"r.org","e"
"r.org","e"
"r.org","u"
"r.org","m"
"r.org","o"
"r.org","e"
"r.org","r"
"r.org","e"
"r.org","m"
"r.org","e"
"r.org","e"
"r.org","."
"r.org","o"
"r.org","e"
"r.org","r"
"r.org","t"
"r.org","r"
"r.org","o"
"r.org","m"
"r.org","o"
"r.org","e"
"r.org","m"
"r.org","e"
"r.org","o"
"r.org","e"
"r.org","."
"r.org","o"
"r.org","r"
"r.org","r"
"r.org","u"
"r.org","."
"r.org","o"
"r.org","e"
"r.org","o"
"r.org","."
"r.org","i"
"r.org","e"
"r.org","m"
"r.org","t"
"r.org","o"
"r.org","e"
"r.org","o"
"r.org","r"
"r.org","m"
"r.org","e"
"r.org","t"
"r.org","r"
"r.org","r"
"r.org","e"
"r.org","o"
"r.org","e"
"r.org","c"
"r.org","o"
"r.org","."
"r.org","e"
"r.org","e"
"r.org","o"
"r.org","m"
"r.org","t"
"r.org","."
"r.org","e"
"r.org","r"
"r.org","r"
"r.org","m"
"r.org","c"
"r.org","e"
"r.org","o"
"r.org","e"
"r.org","r"
"r.org","m"
"r.org","t"
"r.org","o"
"r.org","m"
"r.org","s"
"r.org","m"
"r.org","s"
"r.org","o"
"r.org","m"
"r.org","r"
"r.org","e"
"r.org","m"
"r.org","."
"r.org","t"
"r.org","t"
"r.org","m"
"r.org","m"
"r.org","s"
"r.org","t"
"r.org","o"
"r.org","r"
"r.org","m"
"r.org","t"
"r.org","t"
"r.org","t"
"r.org","r"
"r.org","o"
"r.org","o"
"r.org","e"
"r.org","o"
"r.org","m"
"r.org","o"
"r.org","e"
"r.org","s"
"r.org","m"
"r.org","o"
"r.org","r"
"r.org","o"
"r.org","o"
"r.org","o"
"r.org","m"
"r.org","c"
"r.org","s"
"r.org","o"
"r.org","m"
"r.org","o"
